{
  "project_info": {
    "project_number": "487667074585",
    "project_id": "loginsignup-ae281",
    "storage_bucket": "loginsignup-ae281.firebasestorage.app"
  },
  "client": [
    {
      "client_info": {
        "mobilesdk_app_id": "1:487667074585:android:bb98fc18a684aab59d4c88",
        "android_client_info": {
          "package_name": "com.example.loginsignup"
        }
      },
      "oauth_client": [],
      "api_key": [
        {
          "current_key": "AIzaSyDDALfkAtvYk-E0K6QjPWuJaITry5X06mM"
        }
      ],
      "services": {
        "appinvite_service": {
          "other_platform_oauth_client": []
        }
      }
    },
    {
      "client_info": {
        "mobilesdk_app_id": "1:487667074585:android:0e3b6e0d6833d2469d4c88",
        "android_client_info": {
          "package_name": "com.example.spendwiseai"
        }
      },
      "oauth_client": [],
      "api_key": [
        {
          "current_key": "AIzaSyDDALfkAtvYk-E0K6QjPWuJaITry5X06mM"
        }
      ],
      "services": {
        "appinvite_service": {
          "other_platform_oauth_client": []
        }
      }
    }
  ],
  "configuration_version": "1"
}